T (°C),T (K),KH (L.atm/mol),[O2] (ìM)
0,273,456.0866115,438.5132011
5,278,510.1378801,392.0508705
10,283,568.3411293,351.9013312
15,288,630.8140816,317.0506268
20,293,697.6664858,286.6699262
25,298,769,260.0780234
30,303,844.9081304,236.7121262
35,308,925.4762192,216.1049586